{"cameraMode":{"drawMode":0,"name":"Shaded","section":"Shading Mode"},"sceneLighting":false,"audioPlay":false,"sceneViewState":{"m_AlwaysRefresh":false,"showFog":true,"showSkybox":false,"showFlares":true,"showImageEffects":true,"showParticleSystems":true,"showVisualEffectGraphs":true,"m_FxEnabled":true},"in2DMode":false,"pivot":{"x":0.04066021740436554,"y":0.13606984913349152,"z":0.010804340243339539},"rotation":{"x":-0.23607175052165986,"y":0.44688543677330019,"z":-0.12361098825931549,"w":-0.8540875315666199},"size":0.3591447174549103,"orthographic":false}