{"cameraMode":{"drawMode":0,"name":"Shaded","section":"Shading Mode"},"sceneLighting":false,"audioPlay":false,"sceneViewState":{"m_AlwaysRefresh":false,"showFog":true,"showSkybox":false,"showFlares":true,"showImageEffects":true,"showParticleSystems":true,"showVisualEffectGraphs":true,"m_FxEnabled":true},"in2DMode":false,"pivot":{"x":-0.007784292101860046,"y":0.11499984562397003,"z":-0.007716193795204163},"rotation":{"x":-0.23607175052165986,"y":0.44688543677330019,"z":-0.12361098825931549,"w":-0.8540875315666199},"size":0.25394245982170107,"orthographic":false}