{"cameraMode":{"drawMode":0,"name":"Shaded","section":"Shading Mode"},"sceneLighting":false,"audioPlay":false,"sceneViewState":{"m_AlwaysRefresh":false,"showFog":true,"showSkybox":false,"showFlares":true,"showImageEffects":true,"showParticleSystems":true,"showVisualEffectGraphs":true,"m_FxEnabled":true},"in2DMode":false,"pivot":{"x":0.2762258052825928,"y":0.10000000149011612,"z":0.04851178824901581},"rotation":{"x":0.1955629140138626,"y":-0.3969811499118805,"z":0.08697960525751114,"w":0.8925387859344482},"size":0.7120264768600464,"orthographic":false}