{"cameraMode":{"drawMode":0,"name":"Shaded","section":"Shading Mode"},"sceneLighting":false,"audioPlay":false,"sceneViewState":{"m_AlwaysRefresh":false,"showFog":true,"showSkybox":false,"showFlares":true,"showImageEffects":true,"showParticleSystems":true,"showVisualEffectGraphs":true,"m_FxEnabled":true},"in2DMode":false,"pivot":{"x":0.0020612478256225588,"y":0.7589138746261597,"z":-0.5862067937850952},"rotation":{"x":0.36911046504974368,"y":0.23212659358978272,"z":-0.0957508236169815,"w":0.8948847055435181},"size":1.4961551427841187,"orthographic":false}