{"cameraMode":{"drawMode":0,"name":"Shaded","section":"Shading Mode"},"sceneLighting":false,"audioPlay":false,"sceneViewState":{"m_AlwaysRefresh":false,"showFog":true,"showSkybox":false,"showFlares":true,"showImageEffects":true,"showParticleSystems":true,"showVisualEffectGraphs":true,"m_FxEnabled":true},"in2DMode":false,"pivot":{"x":0.21845676004886628,"y":-0.6706079840660095,"z":-1.5516825914382935},"rotation":{"x":-0.016199443489313127,"y":0.9095580577850342,"z":-0.4140714108943939,"w":-0.03550345078110695},"size":2.80049991607666,"orthographic":false}