{"cameraMode":{"drawMode":0,"name":"Shaded","section":"Shading Mode"},"sceneLighting":false,"audioPlay":false,"sceneViewState":{"showFog":true,"showMaterialUpdate":false,"showSkybox":true,"showFlares":true,"showImageEffects":true,"showParticleSystems":true},"in2DMode":false,"pivot":{"x":29.395132064819337,"y":-6.467113494873047,"z":14.35706901550293},"rotation":{"x":0.3943949043750763,"y":0.09512647241353989,"z":-0.04109000787138939,"w":0.913142204284668},"size":16.205711364746095,"orthographic":false}